{"cameraMode":{"drawMode":0,"name":"Shaded","section":"Shading Mode"},"sceneLighting":true,"audioPlay":false,"sceneViewState":{"showFog":true,"showMaterialUpdate":false,"showSkybox":true,"showFlares":true,"showImageEffects":true,"showParticleSystems":true},"in2DMode":false,"pivot":{"x":634.1318969726563,"y":832.0801391601563,"z":0.6993408203125},"rotation":{"x":0.19193120300769807,"y":-0.06031419336795807,"z":0.011818667873740197,"w":0.9794819951057434},"size":2561.332275390625,"orthographic":false}